Title,Company,Category,Location,Level,Type,Salary Min,Salary Max,Currency,Posted,URL
"Digital Marketing Specialist","K254 Media Conglomerate Africa Ltd","Marketing","Africa",MID,CONTRACT,,,USD,2025-12-27,https://freelanly.com/company/k254-media-conglomerate-africa-ltd/jobs/digital-marketing-specialist-k254nairobinews
"Content Creator","BeeHive Media","Marketing","Remote",MID,FULL_TIME,,,USD,2025-12-27,https://freelanly.com/company/beehive-media/jobs/content-creator-beehivemedia
"Project Manager","L.E.A.SE. S.A. (Luxembourg Engineering & Application Services)","Project Management","Remote",MID,FULL_TIME,,,USD,2025-12-27,https://freelanly.com/company/lease-sa-luxembourg-engineering-application/jobs/project-manager-lease
"Content Creator","Alfa Agriculture","Marketing","Cairo  Egypt",MID,PART_TIME,,,USD,2025-12-27,https://freelanly.com/company/alfa-agriculture/jobs/content-creator-alfaagriculture
"Principal DevOps Engineer","BuzzHire","DevOps","Noida",LEAD,FULL_TIME,,,USD,2025-12-27,https://freelanly.com/company/buzzhire/jobs/principal-devops-engineer-buzzhire
"Manual QA Tester","TiMAD IT Solutions","QA & Testing","Baner  Pune",MID,FULL_TIME,,,USD,2025-12-27,https://freelanly.com/company/timad-it-solutions/jobs/manual-qa-tester-timadit
"Motion Graphic Designer","Polka Dot Agency","Creative & Media","District 5 - New Cairo",SENIOR,FULL_TIME,,,USD,2025-12-27,https://freelanly.com/company/polka-dot-agency/jobs/motion-graphic-designer-polka
"French-English Translator","EarlyJobs","Translation","India",ENTRY,FULL_TIME,,,USD,2025-12-27,https://freelanly.com/company/earlyjobs/jobs/french-english-translator-earlyjobs
"Aerospace Engineer","RTX","Engineering","USA",MID,FULL_TIME,,,USD,2025-12-27,https://freelanly.com/company/rtx/jobs/aerospace-engineer-rtx
"Medical Interpreter","Speak Now Video","Translation","Remote",MID,FULL_TIME,,,USD,2025-12-27,https://freelanly.com/company/speak-now-video/jobs/medical-interpreter-speaknowvideo
"Mobile App Development Instructor","Smart Investment Solution - SIS","Education","Remote",MID,FREELANCE,,,USD,2025-12-27,https://freelanly.com/company/smart-investment-solution-sis/jobs/mobile-app-development-instructor
"PPC Specialist","RemotelyX","Marketing","Lebanon",MID,FULL_TIME,2500,2500,USD,2025-12-27,https://freelanly.com/company/remotelyx/jobs/ppc-specialist-remotelyx
"English-Spanish Translator","Glodom Language Solutions Co.  Ltd. (Glodom)","Translation","Remote",MID,CONTRACT,,,USD,2025-12-27,https://freelanly.com/company/glodom-language-solutions-co-ltd-glodom/jobs/english-spanish-translator-glodomtec
"Online Training Instructor","SV Soft Solutions","Education","Remote",MID,CONTRACT,,,USD,2025-12-27,https://freelanly.com/company/sv-soft-solutions/jobs/online-training-instructor-svsoftsolutions
"Software Engineer","ByteChrome Technologies LLC","Engineering","Remote",MID,FULL_TIME,,,USD,2025-12-27,https://freelanly.com/company/bytechrome-technologies-llc/jobs/software-engineer-bytechrome
"Virtual Assistant","YourVirtualBeez","Operations","Remote",MID,FREELANCE,,,USD,2025-12-27,https://freelanly.com/company/yourvirtualbeez/jobs/virtual-assistant-yourvbz
"Video Editor","Aayan Infotech","Creative & Media","Remote",MID,FULL_TIME,,,USD,2025-12-26,https://freelanly.com/company/aayan-infotech/jobs/video-editor-aayaninfotech
"2D Motion Graphic Designer","Proeffect | بروإفكت","Creative & Media","Riyadh",MID,FULL_TIME,,,USD,2025-12-26,https://freelanly.com/company/proeffect/jobs/2d-motion-graphic-designer-proeffect
"Supply Chain Specialist","Minted","Engineering","Remote",MID,FULL_TIME,,,USD,2025-12-26,https://freelanly.com/company/minted/jobs/supply-chain-specialist-minted-4286e19d
"English-French Translator","Karmaa Solutions","Translation","Central Africa",MID,FULL_TIME,,,USD,2025-12-26,https://freelanly.com/company/karmaa-solutions/jobs/english-french-translator-karmaasolutions
"IT Professional","Vivid Technologies Inc","Engineering","USA",MID,FULL_TIME,,,USD,2025-12-26,https://freelanly.com/company/vivid-technologies-inc/jobs/it-professional-vividtechnologies
"Pharmaceutical Business Analyst","InfiCare Inc.","Data & Analytics","Remote",SENIOR,FULL_TIME,,,USD,2025-12-26,https://freelanly.com/company/inficare-inc/jobs/pharmaceutical-business-analyst-inficaretech
"UI Developer","IT RESOURCES INC","Design","Remote",MID,CONTRACT,,,USD,2025-12-26,https://freelanly.com/company/it-resources-inc/jobs/ui-developer-itresinc
"Gateway Application Engineer","Gov Services Hub","Engineering","NY",MID,CONTRACT,,,USD,2025-12-26,https://freelanly.com/company/gov-services-hub/jobs/gateway-application-engineer-govserviceshub
"Customer Support Specialist","Antano & Harini","Customer Support","ECR - Neelankarai",MID,FULL_TIME,,,USD,2025-12-26,https://freelanly.com/company/antano-harini/jobs/customer-support-specialist-soexcellence
"Customer Support Specialist","Cibirix Inc.","Customer Support","Indore",ENTRY,FULL_TIME,,,USD,2025-12-26,https://freelanly.com/company/cibirix-inc/jobs/customer-support-specialist-cibirix
"UI Architect","Pacer Staffing","Design","Holtsville NY",MID,FULL_TIME,,,USD,2025-12-26,https://freelanly.com/company/pacer-staffing/jobs/ui-architect-pacerstaffing
"Tagalog-English Interpreter","Pons Communication","Translation","Remote",MID,FULL_TIME,,,USD,2025-12-26,https://freelanly.com/company/pons-communication/jobs/tagalog-english-interpreter-ponscommunication
"Armenian Interpreter","lingohaus.com","Translation","American Samoa",MID,CONTRACT,,,USD,2025-12-26,https://freelanly.com/company/lingohaus/jobs/armenian-interpreter-lingohaus
"Manager  Health Plan Performance - Remote","Aledade  Inc.","Engineering","Remote  United States",MANAGER,FULL_TIME,,,USD,2025-12-26,https://freelanly.com/company/aledade/jobs/manager-health-plan-performance-remote-aledade
"Translator Interpreter","Agensi Pekerjaan Iconic Malaysia Gw Sdn Bhd","Translation","Thu Dau Mot - Binh Duong",MID,FULL_TIME,15000000,20000000,VND,2025-12-26,https://freelanly.com/company/agensi-pekerjaan-iconic-malaysia-gw-sdn-bhd/jobs/translator-interpreter-iconicintl
"English Document Rewriter","Friendlily Coach | Business English & Proofreading Services For VIP Middle Eastern Business Owners","Writing & Content","Middle East",MID,FREELANCE,3500,11000,USD,2025-12-26,https://freelanly.com/company/friendlilycoach/jobs/english-document-rewriter-friendlilycoach
"Business English Editor","Friendlily Coach | Business English & Proofreading Services For VIP Middle Eastern Business Owners","Writing & Content","Middle East",MID,CONTRACT,3500,11000,USD,2025-12-26,https://freelanly.com/company/friendlily-coach-business-english-proofreading/jobs/business-english-editor-friendlilycoach
"Email Marketing Automation Platform Specialist","Wits Innovation Lab","Marketing","Europe",MID,CONTRACT,,,USD,2025-12-26,https://freelanly.com/company/wits-innovation-lab/jobs/email-marketing-automation-platform-specialist
"Snowflake Developer","Covenant Consultants","Data & Analytics","Hyderabad  Bhubaneswar  Pune",SENIOR,FULL_TIME,,,USD,2025-12-26,https://freelanly.com/company/covenantindia/jobs/snowflake-developer-covenantindia
"Motion Designer","Bobo Productions","Creative & Media","Remote",MID,FULL_TIME,,,USD,2025-12-26,https://freelanly.com/company/bobo-productions/jobs/motion-designer-boboprod
"Social Media Manager","TRIOTECH SYSTEMS","Marketing","Remote",MID,FULL_TIME,,,USD,2025-12-26,https://freelanly.com/company/triotech-systems/jobs/social-media-manager-triotechsystems
"Social Media Manager","Delhi Public School Indirapuram","Marketing","DPS Indirapuram",MID,FULL_TIME,,,USD,2025-12-26,https://freelanly.com/company/delhi-public-school-indirapuram/jobs/social-media-manager-dpsindirapuram
"Social Media Manager","One premium cabinet RH","Marketing","Tanger",MID,FULL_TIME,,,USD,2025-12-26,https://freelanly.com/company/one-premium-cabinet-rh/jobs/social-media-manager-onepremium
"UX UI Designer","Vinirma Consulting Pvt Ltd","Design","Bahrain",MID,CONTRACT,,,USD,2025-12-26,https://freelanly.com/company/vinirma-consulting-pvt-ltd/jobs/ux-ui-designer-vinirma
"Manager  Global Onboarding","HighLevel","Engineering","United States",MANAGER,FULL_TIME,,,USD,2025-12-26,https://freelanly.com/company/gohighlevel/jobs/manager-global-onboarding-gohighlevel-11b46ffb
"Dutch-Chinese Translator","GienTech","Translation","Remote",MID,FREELANCE,,,USD,2025-12-26,https://freelanly.com/company/gientech/jobs/dutch-chinese-translator-gientech
"Human Resources","GAOTek Inc.","HR & Recruiting","Remote",ENTRY,INTERNSHIP,,,USD,2025-12-26,https://freelanly.com/company/gaotek/jobs/human-resources-gaotek-inc
"Arabic Content Writer","8Cloud Technologies","Writing & Content","Remote",MID,FULL_TIME,,,USD,2025-12-25,https://freelanly.com/company/8cloud-technologies/jobs/arabic-content-writer-eightct
"Multilingual Translator","郑州译线通翻译有限公司","Translation","Remote",MID,CONTRACT,,,USD,2025-12-25,https://freelanly.com/company//jobs/multilingual-translator-yxtfy
"English-German Translator","WORDS LEAD","Translation","Europe",MID,FREELANCE,,,USD,2025-12-25,https://freelanly.com/company/words-lead/jobs/english-german-translator-wordslead
"Multilingual Localization Specialist","BestEasy Language Technology","Translation","Remote",MID,CONTRACT,,,USD,2025-12-25,https://freelanly.com/company/besteasy/jobs/multilingual-localization-specialist-besteasy
"English-French Interpreter","Witbloom Consultants - A Leading Training & Job Placement Firm","Translation","Remote",MID,FULL_TIME,,780000,INR,2025-12-25,https://freelanly.com/company/witbloom-consultants-a-leading-training-job/jobs/english-french-interpreter-witbloom
"ServiceNow RPA Developer","TAO Digital Solutions","Engineering","Pan India",MID,FULL_TIME,,,USD,2025-12-25,https://freelanly.com/company/tao-digital-solutions/jobs/servicenow-rpa-developer-taodigitalsolutions
"Virtual Assistant","True Freedom","Operations","Remote",MID,FREELANCE,,,USD,2025-12-25,https://freelanly.com/company/true-freedom/jobs/virtual-assistant-yourtruefreedom
"Technical Writer","Search Tactics LLC","Writing & Content","USA",SENIOR,FULL_TIME,,,USD,2025-12-25,https://freelanly.com/company/search-tactics-llc/jobs/technical-writer-searchtactics
"WordPress Web Developer","GAOTek Inc.","Engineering","Global / Canada-based Preferred",INTERN,INTERNSHIP,,,USD,2025-12-24,https://freelanly.com/company/gaotek/jobs/wordpress-web-developer-gaotek
"Sr. Systems Engineer","PingWind","Engineering","Remote",SENIOR,FULL_TIME,,,USD,2025-12-24,https://freelanly.com/company/pingwind/jobs/sr-systems-engineer-pingwind-5e525496
"Principal Enterprise Architect","VYZE INC","Engineering","USA",LEAD,FULL_TIME,,,USD,2025-12-24,https://freelanly.com/company/vyze-inc/jobs/principal-enterprise-architect-vyzeinc
"Technical Support Engineer","IT Network Solutions","Customer Support","Remote",SENIOR,FULL_TIME,,,USD,2025-12-24,https://freelanly.com/company/it-network-solutions/jobs/technical-support-engineer-itnsusa
"Japanese-English Translator","Enuncia Global","Translation","Remote",MID,FREELANCE,,,USD,2025-12-24,https://freelanly.com/company/enuncia-global/jobs/japanese-english-translator-enuncia
"Chinese-French Translator","上海秀群信息技术有限公司 Cherish","Translation","Remote",MID,FREELANCE,,,USD,2025-12-24,https://freelanly.com/company/cherish/jobs/chinese-french-translator-cherish
"English-Spanish-French-Italian Translator","Lucrezia Lodato Translations","Translation","Remote",MID,FREELANCE,,,USD,2025-12-24,https://freelanly.com/company/lucrezialodatotranslations/jobs/english-spanish-french-italian-translator
"English-Spanish-French-Italian Translator","Lucrezia Lodato Translations","Translation","Remote",MID,FREELANCE,,,USD,2025-12-24,https://freelanly.com/company/lucrezia-lodato-translations/jobs/english-spanish-french-italian-translator-1
"Account Manager  Hospitality & Events","Right Formula","Engineering","Right Formula US",MANAGER,FULL_TIME,,,USD,2025-12-24,https://freelanly.com/company/rightformula/jobs/account-manager-hospitality-events-rightformula
"English-Portuguese Translator","Apidel Technologies","Translation","Remote",MID,FULL_TIME,,,USD,2025-12-24,https://freelanly.com/company/apidel-technologies/jobs/english-portuguese-translator-apideltech
"English-Portuguese Translator","Apidel Technologies","Translation","Remote",MID,FULL_TIME,,,USD,2025-12-24,https://freelanly.com/company/apideltech/jobs/english-portuguese-translator-apideltech-1
"Oracle Oic And Vbcs Developer","OnSpace Technologies","Engineering","Remote",SENIOR,FREELANCE,,,USD,2025-12-24,https://freelanly.com/company/onspaceglobal/jobs/oracle-oic-and-vbcs-developer-onspaceglobal
"OIC Developer","OnSpace Technologies","Engineering","Remote",SENIOR,FREELANCE,,,USD,2025-12-24,https://freelanly.com/company/onspaceglobal/jobs/oic-developer-onspace-technologies
"Salesforce B2B Commerce Cloud Developer","Forcecraver Technologies","Engineering","Remote",SENIOR,PART_TIME,,,USD,2025-12-24,https://freelanly.com/company/forcecraver-technologies/jobs/salesforce-b2b-commerce-cloud-developer
"Thai Creative UI and Marketing Linguist (US&Canada based)","Welocalize","QA & Testing","United States",MID,FREELANCE,,,USD,2025-12-24,https://freelanly.com/company/welocalize/jobs/thai-creative-ui-and-marketing-linguist-uscanada
"Workday Recruiting Consultant","Trebecon LLC","HR & Recruiting","Remote",SENIOR,CONTRACT,,,USD,2025-12-23,https://freelanly.com/company/trebecon-llc/jobs/workday-recruiting-consultant-trebecon
"Data Engineer","MaximaTek","Data & Analytics","USA",MID,FULL_TIME,,,USD,2025-12-23,https://freelanly.com/company/maximatek/jobs/data-engineer-maximatek
"Bengali-English Translator","Omnicom","Translation","Remote",MID,CONTRACT,,,USD,2025-12-23,https://freelanly.com/company/omnicom/jobs/bengali-english-translator-omc
"Senior Product Manager","Everbridge","Product","United States",SENIOR,FULL_TIME,,,USD,2025-12-23,https://freelanly.com/company/everbridge/jobs/senior-product-manager-everbridge-d7bdc7dd
"Manager of Customer Success","Magnet Forensics","Customer Support","Canada",MANAGER,FULL_TIME,,,USD,2025-12-23,https://freelanly.com/company/magnet-forensics/jobs/manager-of-customer-success
"Customer Success Manager (Flagship) - USA","Magnet Forensics","Customer Support","United States",MANAGER,FULL_TIME,,,USD,2025-12-23,https://freelanly.com/company/magnet-forensics/jobs/customer-success-manager-flagship-usa
"Customer Success Escalation Lead – USA","Magnet Forensics","Customer Support","United States",LEAD,FULL_TIME,,,USD,2025-12-23,https://freelanly.com/company/magnet-forensics/jobs/customer-success-escalation-lead-usa
"Business Development Representative","Everbridge","Marketing","United States",MID,FULL_TIME,,,USD,2025-12-23,https://freelanly.com/company/everbridge/jobs/business-development-representative-everbridge
"Recruiting Coordinator (Temp/Part-time)","Wpromote","Design","Remote  United States",MID,PART_TIME,,,USD,2025-12-23,https://freelanly.com/company/wpromote/jobs/recruiting-coordinator-temppart-time-wpromote
"Lead Salesforce Data Cloud Architect","Accolite","DevOps","United States",LEAD,FULL_TIME,136000,182000,USD,2025-12-23,https://freelanly.com/company/accolite/jobs/lead-salesforce-data-cloud-architect
"Data Analyst","Coders Data","Data & Analytics","USA",ENTRY,FULL_TIME,,,USD,2025-12-23,https://freelanly.com/company/coders-data/jobs/data-analyst-codersdata
"Tosca Di Test Engineer","Reveille Technologies Inc","QA & Testing","Remote",SENIOR,CONTRACT,,,USD,2025-12-23,https://freelanly.com/company/reveille-technologiesinc/jobs/tosca-di-test-engineer-reveilletechnologies
"AI Technical Content Writer","GAOTek Inc.","Writing & Content","USA & Canada",INTERN,INTERNSHIP,,,USD,2025-12-23,https://freelanly.com/company/gaotek-inc/jobs/ai-technical-content-writer-gaotek
"AI Technical Content Writer","GAO RFID Inc.","Writing & Content","USA & Canada",INTERN,INTERNSHIP,,,USD,2025-12-23,https://freelanly.com/company/gao-rfid-inc/jobs/ai-technical-content-writer-gaorfid
"Solution Expert","360Learning","Customer Support","Paris  Remote",MID,FULL_TIME,,,USD,2025-12-23,https://freelanly.com/company/360learning/jobs/solution-expert-360learning-1162410d
"Content Marketing Manager","Outreach","Marketing","United States",MANAGER,FULL_TIME,70000,110000,USD,2025-12-23,https://freelanly.com/company/outreach/jobs/content-marketing-manager-outreach-17d74a82
"Lead Data Scientist","Accolite","Data & Analytics","United States",LEAD,FULL_TIME,157000,165000,USD,2025-12-23,https://freelanly.com/company/accolite/jobs/lead-data-scientist-bounteous-412f9f5a
"Process Expert Data Operations","Veeva Systems","Data & Analytics","Spain - Barcelona",MID,FULL_TIME,,,USD,2025-12-23,https://freelanly.com/company/veeva/jobs/process-expert-data-operations-veeva-fafd1f9e
"Sr. Solutions Engineer - NY Metro","Saviynt","Sales","New York City Metro",SENIOR,FULL_TIME,,,USD,2025-12-23,https://freelanly.com/company/saviynt/jobs/sr-solutions-engineer-ny-metro-saviynt-4869dbd6
"(Canada) Sr. Customer Success Manager  Enterprise","PointClickCare","Customer Support","Remote or Mississauga",SENIOR,FULL_TIME,112000,125000,CAD,2025-12-23,https://freelanly.com/company/pointclickcare/jobs/canada-sr-customer-success-manager-enterprise
"(US) Sr. Customer Success Manager  Enterprise","PointClickCare","Customer Support","Remote  USA",SENIOR,FULL_TIME,118000,132000,USD,2025-12-23,https://freelanly.com/company/pointclickcare/jobs/us-sr-customer-success-manager-enterprise
"AI Rotational Program","Wpromote","Data & Analytics","Remote  United States",MID,FULL_TIME,,,USD,2025-12-23,https://freelanly.com/company/wpromote/jobs/ai-rotational-program-wpromote-269a7589
"Senior Technical Business Development Manager","Parallel Wireless","Engineering","US",SENIOR,FULL_TIME,,,USD,2025-12-23,https://freelanly.com/company/parallel-wireless/jobs/senior-technical-business-development-manager
"English-Swedish Translator","BestEasy Language Technology","Translation","Remote",MID,CONTRACT,,,USD,2025-12-23,https://freelanly.com/company/besteasy-language-technology/jobs/english-swedish-translator
"Financial Analyst","Kobie","Finance","St. Petersburg  Florida",MID,FULL_TIME,,,USD,2025-12-23,https://freelanly.com/company/kobie/jobs/financial-analyst-kobie-6ede851d
"Korean-English Medical Interpreter","LanguageBridge Solutions","Translation","Remote",ENTRY,FULL_TIME,,,USD,2025-12-23,https://freelanly.com/company/languagebridge-solutions/jobs/korean-english-medical-interpreter
"Multilingual Interpreter","VisLingo","Translation","Remote",MID,FULL_TIME,,,USD,2025-12-23,https://freelanly.com/company/vislingo/jobs/multilingual-interpreter-vislingo
"Sr. Manager  Customer Success Management","HighLevel","Customer Support","United States",SENIOR,FULL_TIME,,,USD,2025-12-23,https://freelanly.com/company/gohighlevel/jobs/sr-manager-customer-success-management
"Translator","Dtech Systems","Translation","Remote",MID,PART_TIME,,,USD,2025-12-23,https://freelanly.com/company/dtech-systems/jobs/translator-dtech-systems
"Russian-Chinese Translator","Crystal Hues Limited","Translation","Remote",ENTRY,FULL_TIME,,,USD,2025-12-23,https://freelanly.com/company/crystal-hues-limited/jobs/russian-chinese-translator-crystal-hues-limited
"Chinese-Russian Translator","Lan-bridge Group - 语言桥","Translation","Remote",MID,FREELANCE,,,USD,2025-12-23,https://freelanly.com/company/lan-bridge-group/jobs/chinese-russian-translator-lan-bridge-group
"English-Italian Translator","Crystal Hues Limited","Translation","Remote",ENTRY,FULL_TIME,,,USD,2025-12-23,https://freelanly.com/company/crystal-hues-limited/jobs/italian-translator-crystal-hues-limited
"Full Stack Developer","ADROETECH","Engineering","Remote",MID,FULL_TIME,,,USD,2025-12-23,https://freelanly.com/company/adroetech/jobs/full-stack-developer-adroetech
"Senior Partner Sales Manager","BlueCat","Sales","UK - Remote",SENIOR,FULL_TIME,,,USD,2025-12-23,https://freelanly.com/company/bluecat/jobs/senior-partner-sales-manager
"Android Developer","Oak Tree Software","Engineering","Remote",SENIOR,FULL_TIME,,,USD,2025-12-23,https://freelanly.com/company/oak-tree-software/jobs/android-developer-oak-tree-software
"Remote Video Review Project - Work From Home","CrowdGen","Data & Analytics","Sri Lanka",MID,CONTRACT,3,3,USD,2025-12-23,https://freelanly.com/company/appen/jobs/remote-video-review-project-work-from-home-appen
"Quality Assurance Engineer","ABBI SpA","QA & Testing","Remote",MID,CONTRACT,,,USD,2025-12-23,https://freelanly.com/company/abbi-spa/jobs/quality-assurance-engineer-abbi
"Sales Readiness Lead  Payor & Partner Success","Sword Health","Sales","United States",LEAD,FULL_TIME,133802,210260,USD,2025-12-23,https://freelanly.com/company/swordhealth/jobs/sales-readiness-lead-payor-partner-success
"Spanish-English Interpreter","Language Services Associates","Translation","USA",MID,FULL_TIME,,,USD,2025-12-22,https://freelanly.com/company/language-services-associates/jobs/spanish-english-interpreter-lsa
"Romanian Creative UI and Marketing Linguist","Welocalize","QA & Testing","United States",MID,FREELANCE,,,USD,2025-12-22,https://freelanly.com/company/welocalize/jobs/romanian-creative-ui-and-marketing-linguist
"Technical Product Manager (EHR)  Remote","Aledade  Inc.","Product","Remote  United States",MID,FULL_TIME,,,USD,2025-12-22,https://freelanly.com/company/aledade-inc/jobs/technical-product-manager-ehr-remote
"Copy And Editorial Lead","High Impact Dealer","Marketing","U.S.",LEAD,FULL_TIME,,,USD,2025-12-22,https://freelanly.com/company/high-impact-dealer/jobs/copy-and-editorial-lead-highimpactdealer
"Spanish-English Interpreter","Kalamcx","Translation","LATAM",MID,FULL_TIME,,,USD,2025-12-22,https://freelanly.com/company/kalamcx/jobs/spanish-english-interpreter-kalam
"SEC Reporting Manager","HighLevel","Engineering","United States",MANAGER,FULL_TIME,,,USD,2025-12-22,https://freelanly.com/company/gohighlevel/jobs/sec-reporting-manager-gohighlevel-c06fb365
"Product Designer","360Learning","Engineering","Paris  Remote",MID,FULL_TIME,,,USD,2025-12-22,https://freelanly.com/company/360learning/jobs/product-designer-360learning-d338388b
"Senior People Business Partner","Sword Health","HR & Recruiting","Porto",SENIOR,FULL_TIME,45,71,EUR,2025-12-22,https://freelanly.com/company/swordhealth/jobs/senior-people-business-partner-swordhealth
"Sales Representative - HCP Consent","Veeva Systems","Sales","Australia - Queensland",MID,CONTRACT,,,USD,2025-12-22,https://freelanly.com/company/veeva/jobs/sales-representative-hcp-consent-veeva-3b9baba1
"Essential Implementation Manager - EMEA","360Learning","Customer Support","Paris  Remote",MANAGER,FULL_TIME,,,USD,2025-12-22,https://freelanly.com/company/360learning/jobs/essential-implementation-manager-emea-360learning
"Manual QA Engineer","Ventois  Inc.","QA & Testing","USA/Canada",SENIOR,CONTRACT,,,USD,2025-12-22,https://freelanly.com/company/ventois-inc/jobs/manual-qa-engineer-ventois
"QA Automation Engineer","Cira Tek  Inc","QA & Testing","USA",SENIOR,FULL_TIME,,,USD,2025-12-22,https://freelanly.com/company/cira-tek-inc/jobs/qa-automation-engineer-ciratek
"Sr. Finance Analytics Manager","HighLevel","Engineering","United States",SENIOR,FULL_TIME,,,USD,2025-12-22,https://freelanly.com/company/gohighlevel/jobs/sr-finance-analytics-manager-gohighlevel-263f6fff
"Influencer Marketing Lead (Sports Predictions)","Crypto.com","Marketing","United States",LEAD,FULL_TIME,110000,130000,USD,2025-12-22,https://freelanly.com/company/crypto/jobs/influencer-marketing-lead-sports-predictions
"Technical Asset Manager","Catalyze","Engineering","Remote  Remote",MANAGER,FULL_TIME,,,USD,2025-12-22,https://freelanly.com/company/catalyze/jobs/technical-asset-manager-catalyze-d697a65d
"Staff Software Engineer","Magnet Forensics","Engineering","United States",LEAD,FULL_TIME,,,USD,2025-12-22,https://freelanly.com/company/magnetforensics/jobs/staff-software-engineer-magnetforensics-351d399f
"Senior Payroll Specialist","Veeva Systems","Finance","Ireland - Dublin",SENIOR,FULL_TIME,,,USD,2025-12-22,https://freelanly.com/company/veeva/jobs/senior-payroll-specialist-veeva-e2b05c98
"Affiliate Marketing Lead (Sports Predictions)","Crypto.com","Marketing","United States",LEAD,FULL_TIME,110000,130000,USD,2025-12-22,https://freelanly.com/company/crypto/jobs/affiliate-marketing-lead-sports-predictions
"Partner Portal Administrator & Content Manager","Agiloft","Writing & Content","United States",MANAGER,FULL_TIME,,,USD,2025-12-22,https://freelanly.com/company/agiloft/jobs/partner-portal-administrator-content-manager
"D365 Developer","PingWind","Engineering","Remote",MID,FULL_TIME,,,USD,2025-12-22,https://freelanly.com/company/pingwind/jobs/d365-developer-pingwind-1ae461f2
"Accounts Payable Manager","Wpromote","Finance","Remote  United States",MANAGER,FULL_TIME,,,USD,2025-12-22,https://freelanly.com/company/wpromote/jobs/accounts-payable-manager-wpromote-feaf88f9
"Software Engineer Mobile Android/iOS","360Learning","Engineering","Paris  Remote",MID,FULL_TIME,,,USD,2025-12-22,https://freelanly.com/company/360learning/jobs/software-engineer-mobile-androidios
"Business Development Manager - West","OraSure Technologies  Inc.","Engineering","Remote  USA",MANAGER,FULL_TIME,75000,129000,USD,2025-12-22,https://freelanly.com/company/orasure-technologies-inc/jobs/business-development-manager-west
"English-Portuguese Translator","TekWissen  LLC","Translation","Remote",ENTRY,CONTRACT,,,USD,2025-12-22,https://freelanly.com/company/tekwissen-llc/jobs/english-portuguese-translator-tekwissen-llc
"Mandarin-Cantonese-English Interpreter","BrainHunters","Translation","USA",ENTRY,CONTRACT,,,USD,2025-12-22,https://freelanly.com/company/brainhunters/jobs/mandarin-cantonese-english-interpreter
"French-English Interpreter","Recrutory","Translation","Remote",ENTRY,FULL_TIME,1000000,1050000,INR,2025-12-22,https://freelanly.com/company/recrutory/jobs/french-english-interpreter-recrutory
"iOS Users in the US — Join Project Mavara!","CrowdGen","Data & Analytics","United States",MID,CONTRACT,40,40,USD,2025-12-22,https://freelanly.com/company/appen/jobs/ios-users-in-the-us-join-project-mavara-appen
"Arabic-Oriya Translator","Al-Andalus Group LTD for Islamic Translation","Translation","Remote",MID,FREELANCE,,,USD,2025-12-21,https://freelanly.com/company/al-andalus-group-ltd-for-islamic-translation/jobs/arabic-oriya-translator-alandalusgroup
"Customer Support And Sales Specialist","Prodigy CX LLC","Customer Support","Remote",MID,FULL_TIME,,,USD,2025-12-21,https://freelanly.com/company/prodigy-cx-llc/jobs/customer-support-and-sales-specialist-prodigycx
"Customer Support And Sales Specialist","Prodigy CX LLC","Customer Support","US",MID,FULL_TIME,,,USD,2025-12-20,https://freelanly.com/company/prodigycx/jobs/customer-support-and-sales-specialist-prodigycx-1
"Spanish-English Interpreter","One World Global Services LLC","Translation","Canada",MID,FULL_TIME,,,USD,2025-12-20,https://freelanly.com/company/one-world-global-services-llc/jobs/spanish-english-interpreter-oneworldgs
"English-Spanish Interpreter","Language Interpreter's Solutions","Translation","Remote",MID,FULL_TIME,,,USD,2025-12-20,https://freelanly.com/company/language-interpreters-solutions/jobs/english-spanish-interpreter-languainterprets
"Customer Support And Communications Specialist","Fitish","Customer Support","Remote",MID,PART_TIME,,,USD,2025-12-20,https://freelanly.com/company/fitish/jobs/customer-support-and-communications-specialist
"Full Stack Developer","Netlarx","Engineering","Remote",MID,FULL_TIME,,,USD,2025-12-20,https://freelanly.com/company/netlarx/jobs/full-stack-developer-netlarx
"Multilingual Translator","ICS-translate","Translation","Remote",MID,FREELANCE,,,USD,2025-12-20,https://freelanly.com/company/ics-translate/jobs/multilingual-translator-icstranslate
"Freelance Motion Designers","Superside","Design","LATAM",MID,FREELANCE,,,USD,2025-12-19,https://freelanly.com/company/superside/jobs/freelance-motion-designers-superside-2d35a4cd
"Radiologist Hotline Service Lead","SimonMed Imaging","Engineering","Remote",LEAD,FULL_TIME,,,USD,2025-12-19,https://freelanly.com/company/simonmed-imaging/jobs/radiologist-hotline-service-lead-simonmed-d2cd3ffd
"Senior Security Engineer","Included Health","Security","Remote",SENIOR,FULL_TIME,,,USD,2025-12-19,https://freelanly.com/company/included-health/jobs/senior-security-engineer-includedhealth-88ac9c8f
"Sr. Manager  Infrastructure","E.L.F. BEAUTY","Marketing","United States - Remote",SENIOR,FULL_TIME,,,USD,2025-12-19,https://freelanly.com/company/elf-beauty/jobs/sr-manager-infrastructure-elfbeauty-9a87af3a
"Bench Sales Recruiter","Hallmark Global Technologies Inc.","Sales","Remote",MID,CONTRACT,,,USD,2025-12-19,https://freelanly.com/company/hallmark-global-technologies-inc/jobs/bench-sales-recruiter-hgtechinc
"Devops Engineer","Techwizens LLC","DevOps","US",MID,CONTRACT,60,65,USD,2025-12-19,https://freelanly.com/company/techwizens-llc/jobs/devops-engineer-techwizens
"Spanish-English Medical Interpreter","WorldBridge Interpreters","Translation","Remote",MID,FULL_TIME,,,USD,2025-12-19,https://freelanly.com/company/worldbridge-interpreters/jobs/spanish-english-medical-interpreter
"Lead Benefits Specialist","Bounteous","HR & Recruiting","Canada",LEAD,FULL_TIME,75000,85000,CAD,2025-12-19,https://freelanly.com/company/bounteous/jobs/lead-benefits-specialist-bounteous-49688c4f
"Mid Market Account Executive","BlueCat","Sales","Toronto Office",MID,FULL_TIME,65000,76000,CAD,2025-12-19,https://freelanly.com/company/bluecat/jobs/mid-market-account-executive
"Senior Vietnamese Linguist","Welocalize","Design","United States",SENIOR,FULL_TIME,56000,70000,USD,2025-12-19,https://freelanly.com/company/welocalize/jobs/senior-vietnamese-linguist-welocalize-96a83bc6
"Ara Gamma – Data Engineer (LLM Data & Prompt Engineering) - English language","Welocalize","Data & Analytics","Remote",MID,FREELANCE,,,USD,2025-12-19,https://freelanly.com/company/welocalize/jobs/ara-gamma-data-engineer-llm-data-prompt
"ML Solution Architect","Provectus","Engineering","Medellín  Antioquia",MID,FULL_TIME,,,USD,2025-12-19,https://freelanly.com/company/provectus/jobs/ml-solution-architect-provectus-ee926b61
"People & Talent Partner","Provectus","Operations","Medellín  Antioquia",MID,FULL_TIME,,,USD,2025-12-19,https://freelanly.com/company/provectus/jobs/people-talent-partner-provectus-b3928d99
"Research Engineer - Computational Design","Foundation EGI","Engineering","Remote",MID,FULL_TIME,,,USD,2025-12-19,https://freelanly.com/company/foundation-egi/jobs/research-engineer-computational-design
"Research Engineer - Geometry Processing","Foundation EGI","Engineering","Remote",MID,FULL_TIME,,,USD,2025-12-19,https://freelanly.com/company/foundation-egi/jobs/research-engineer-geometry-processing
"Kyrgyz-Portuguese Translator","Future Group Language Solutions","Translation","Remote",MID,FREELANCE,,,USD,2025-12-19,https://freelanly.com/company/future-group-language-solutions/jobs/kyrgyz-portuguese-translator-futuregroup
"UI/UX Designer","Taln.cloud","Design","Remote",MID,CONTRACT,,,USD,2025-12-19,https://freelanly.com/company/talncloud/jobs/uiux-designer-taln
"Salesforce Architect","Rayosys","Engineering","Remote",SENIOR,FULL_TIME,,,USD,2025-12-19,https://freelanly.com/company/rayosys/jobs/salesforce-architect-rayosys
"Care Operations Technical Specialist","Color","Operations","Remote  USA",MID,FULL_TIME,,,USD,2025-12-19,https://freelanly.com/company/color/jobs/care-operations-technical-specialist-color
"Turkish-English Interpreter","Nazca Interpreting","Translation","Worldwide",MID,FULL_TIME,,,USD,2025-12-18,https://freelanly.com/company/nazca-interpreting/jobs/turkish-english-interpreter-nazcainterpreting
"Technical Account Manager","AHEAD","Engineering","United States",MANAGER,FULL_TIME,135000,190000,USD,2025-12-18,https://freelanly.com/company/thinkahead/jobs/technical-account-manager-thinkahead-7d92acb0
"Creative (Content Designer)","Superside","Design","EMEA",MID,CONTRACT,,,USD,2025-12-18,https://freelanly.com/company/superside/jobs/creative-content-designer-superside-f1b94c9d
"Product Owner","AHEAD","Product","United States",MID,FULL_TIME,120000,140000,USD,2025-12-18,https://freelanly.com/company/ahead/jobs/product-owner-thinkahead-15814f73
"QA Engineer","Adroit Innovative Solutions Inc","QA & Testing","Remote",MID,CONTRACT,45,47,USD,2025-12-18,https://freelanly.com/company/adroit-innovative-solutions-inc/jobs/qa-engineer-adroitinnovative
"Associate Lead - OpenData Clinical (Remote)","Veeva Systems","Data & Analytics","Portugal - Lisbon",LEAD,FULL_TIME,,,USD,2025-12-18,https://freelanly.com/company/veeva/jobs/associate-lead-opendata-clinical-remote-veeva
"Account Executive- Transportation","Everbridge","Marketing","United States",MID,FULL_TIME,,,USD,2025-12-18,https://freelanly.com/company/everbridge/jobs/account-executive-transportation
"SEC Reporting and Technical Accounting Manager","Veeva Systems","Finance","Ohio - Columbus",MANAGER,FULL_TIME,,,USD,2025-12-18,https://freelanly.com/company/veeva/jobs/sec-reporting-and-technical-accounting-manager
"Technical Support Engineer","Magnet Forensics","Customer Support","Canada",MID,FULL_TIME,,,USD,2025-12-18,https://freelanly.com/company/magnet-forensics/jobs/technical-support-engineer
"Operations Project Manager I","Included Health","Project Management","Remote",MANAGER,FULL_TIME,,,USD,2025-12-18,https://freelanly.com/company/included-health/jobs/operations-project-manager-i
"Mid-Market Sales Engineer","360Learning","Sales","Canada  Remote",MID,FULL_TIME,,,USD,2025-12-18,https://freelanly.com/company/360learning/jobs/mid-market-sales-engineer-360learning-d28cbf98
"Smart Project Manager","South West Water","Project Management","Bristol or Exeter",MANAGER,FULL_TIME,,,USD,2025-12-18,https://freelanly.com/company/south-west-water/jobs/smart-project-manager-southwestwater-9a79f3d8
"Sr. Account Manager  Walmart (Arkansas)","E.L.F. BEAUTY","Sales","United States - Remote",SENIOR,FULL_TIME,105000,140000,USD,2025-12-18,https://freelanly.com/company/elf-beauty/jobs/sr-account-manager-walmart-arkansas-elfbeauty
"Senior ML Engineer (Portugal Based Remote/Hybrid)","Sword Health","Data & Analytics","Porto",SENIOR,FULL_TIME,59767,79767,EUR,2025-12-18,https://freelanly.com/company/sword-health/jobs/senior-ml-engineer-portugal-based-remotehybrid
"Matching Specialist - OpenData Clinical","Veeva Systems","Engineering","North Macedonia - Skopje",MID,FULL_TIME,,,USD,2025-12-18,https://freelanly.com/company/veeva/jobs/matching-specialist-opendata-clinical-veeva
"Sr. BI Engineer","HighLevel","Engineering","United States",SENIOR,FULL_TIME,,,USD,2025-12-18,https://freelanly.com/company/highlevel/jobs/sr-bi-engineer-gohighlevel-0142771f
"Customer Success Representative","Sword Health","Customer Support","Remote (CAN)",MID,FULL_TIME,53969,84808,CAD,2025-12-18,https://freelanly.com/company/sword-health/jobs/customer-success-representative
"Lead Medical Writer - Medical Communications (12 month FTC)","Avalere Health","Writing & Content","Manchester",LEAD,CONTRACT,,,USD,2025-12-18,https://freelanly.com/company/avalerehealth/jobs/lead-medical-writer-medical-communications-12
"VP of Customer Success","Sword Health","Customer Support","United States",EXECUTIVE,FULL_TIME,340113,534463,USD,2025-12-17,https://freelanly.com/company/sword-health/jobs/vp-of-customer-success-swordhealth-30775261
"Finance Director","Sonar","Engineering","New York City",DIRECTOR,FULL_TIME,,,USD,2025-12-17,https://freelanly.com/company/sonar/jobs/finance-director-sonarsource-44337c29
"Data Operations Lead - OpenData (Remote)","Veeva Systems","Data & Analytics","Portugal - Lisbon",LEAD,FULL_TIME,,,USD,2025-12-17,https://freelanly.com/company/veeva/jobs/data-operations-lead-opendata-remote-veeva
"VP - IT Commercial Systems","Veeva Systems","Engineering","Ohio - Columbus",EXECUTIVE,FULL_TIME,,,USD,2025-12-17,https://freelanly.com/company/veeva/jobs/vp-it-commercial-systems-veeva-c6f719c5
"Expert Quality Engineer","Sword Health","Engineering","Remote (PT)",MID,FULL_TIME,52500,82500,EUR,2025-12-17,https://freelanly.com/company/sword-health/jobs/expert-quality-engineer-swordhealth-8e401c6e
"Associate Principal  Market Access Analytics","Avalere Health","Consulting","Remote (US)",LEAD,FULL_TIME,150000,160000,USD,2025-12-17,https://freelanly.com/company/avalerehealth/jobs/associate-principal-market-access-analytics
"Talent Operations Manager","Sword Health","HR & Recruiting","Porto",MANAGER,FULL_TIME,,,USD,2025-12-17,https://freelanly.com/company/sword-health/jobs/talent-operations-manager-swordhealth-3ba9ad3e
"Compliance Analyst - FCM (Futures Commission Merchant)","Crypto.com","Legal","United States",MID,FULL_TIME,70000,100000,USD,2025-12-17,https://freelanly.com/company/crypto/jobs/compliance-analyst-fcm-futures-commission
"Senior Customer Success Manager - DACH","Saviynt","Customer Support","Remote Germany",SENIOR,FULL_TIME,,,USD,2025-12-17,https://freelanly.com/company/saviynt/jobs/senior-customer-success-manager-dach
"Technical Account Executive - Manufacturing","Foundation EGI","Sales","Remote",MID,FULL_TIME,,,USD,2025-12-17,https://freelanly.com/company/foundation-llm-technologies/jobs/technical-account-executive-manufacturing
"Senior Software Engineer ( Java React)","Everbridge","Engineering","Bengaluru",SENIOR,FULL_TIME,,,USD,2025-12-17,https://freelanly.com/company/everbridge/jobs/senior-software-engineer-javareact
"Vice President  Life Sciences Professional Services PMO","Model N","Engineering","Remote  US",EXECUTIVE,FULL_TIME,,,USD,2025-12-17,https://freelanly.com/company/modeln/jobs/vice-president-life-sciences-professional
"AI Frontend Developer","Yuno","Engineering","Bogota",MID,FULL_TIME,,,USD,2025-12-17,https://freelanly.com/company/yuno/jobs/ai-frontend-developer-yuno-5fe3e7a1
"Danish Language Lead Specialist","Welocalize","QA & Testing","Remote  Worldwide",LEAD,FREELANCE,35,38,USD,2025-12-16,https://freelanly.com/company/welocalize/jobs/danish-language-lead-specialist-welocalize
"Account Executive -Infinite Blue","Everbridge","Marketing","United States",MID,FULL_TIME,,,USD,2025-12-16,https://freelanly.com/company/everbridge/jobs/account-executive-infinite-blue
"Information Security Engineer - IAM Lead / Architect","Model N","Product","Remote  US",LEAD,FULL_TIME,,,USD,2025-12-16,https://freelanly.com/company/model-n/jobs/information-security-engineer-iam-lead-architect
"Senior Software Engineer","Minted","Engineering","Remote",SENIOR,FULL_TIME,,,USD,2025-12-16,https://freelanly.com/company/minted/jobs/senior-software-engineer-minted-061f6f14
"Senior Paid Media Specialist","Bounteous","Engineering","United States",SENIOR,CONTRACT,,,USD,2025-12-16,https://freelanly.com/company/bounteous/jobs/senior-paid-media-specialist-bounteous-838d3e3f
"Compliance Specialist","SimonMed Imaging","Engineering","Remote",MID,FULL_TIME,,,USD,2025-12-16,https://freelanly.com/company/simonmed-imaging/jobs/compliance-specialist-simonmed-46900cd5
"Principal Engineer  Rendering","Minted","Engineering","Remote",LEAD,FULL_TIME,,,USD,2025-12-16,https://freelanly.com/company/minted/jobs/principal-engineer-rendering-minted-e21668ca
"Lead Medical Writer - Medical Communications","Avalere Health","Writing & Content","Manchester",LEAD,FULL_TIME,,,USD,2025-12-16,https://freelanly.com/company/avalerehealth/jobs/lead-medical-writer-medical-communications
"X-Ray Technologist/ Mammography Cross Training","SimonMed Imaging","Engineering","Arizona",MID,FULL_TIME,,,USD,2025-12-16,https://freelanly.com/company/simonmed-imaging/jobs/x-ray-technologist-mammography-cross-training-1
"Technical Support Engineer - Canada","Magnet Forensics","Customer Support","Canada",MID,FULL_TIME,,,USD,2025-12-16,https://freelanly.com/company/magnet-forensics/jobs/technical-support-engineer-canada
"Team Manager - Migration","Veeva Systems","Engineering","India - Pune",MANAGER,FULL_TIME,,,USD,2025-12-16,https://freelanly.com/company/veeva/jobs/team-manager-migration-veeva-1d768ee1
"Coordinator  Sales  International","E.L.F. BEAUTY","Sales","Germany - Remote",INTERN,FULL_TIME,,,GBP,2025-12-16,https://freelanly.com/company/elfbeauty/jobs/coordinator-sales-international-elfbeauty-140967be
"UX Architect / Senior Product Designer","Xsolla","Product","Kuala Lumpur",SENIOR,FULL_TIME,65000,80000,USD,2025-12-16,https://freelanly.com/company/xsolla/jobs/ux-architect-senior-product-designer
"AP/Principal  US Market Access  Remote based role","Avalere Health","Consulting","Remote (US)",LEAD,FULL_TIME,150000,220000,USD,2025-12-16,https://freelanly.com/company/avalerehealth/jobs/apprincipal-us-market-access-remote-based-role
"Research Scientist II  Market Access","Avalere Health","Consulting","Remote (US)",MID,FULL_TIME,120000,155000,USD,2025-12-16,https://freelanly.com/company/avalerehealth/jobs/research-scientist-ii-market-access-avalerehealth
"Data Annotator for AI Models  - Dutch in USA","RWS Group","Engineering","Florida",MID,FULL_TIME,,,USD,2025-12-16,https://freelanly.com/company/rws-group/jobs/data-annotator-for-ai-models-dutch-in-usa-rws
"Sr. Indirect Tax Manager","HighLevel","Engineering","United States",SENIOR,FULL_TIME,,,USD,2025-12-16,https://freelanly.com/company/highlevel/jobs/sr-indirect-tax-manager-gohighlevel-8ed34408
"Director  Customer Retention","HighLevel","Marketing","United States",DIRECTOR,FULL_TIME,,,USD,2025-12-16,https://freelanly.com/company/gohighlevel/jobs/director-customer-retention-gohighlevel-65753aaa
"Brand Designer","Superside","Marketing","LATAM",MID,CONTRACT,,,USD,2025-12-15,https://freelanly.com/company/superside/jobs/brand-designer-superside-76ffd2d6
"Release Engineering Manager","Veeva Systems","Engineering","Canada - Toronto",MANAGER,FULL_TIME,,,USD,2025-12-15,https://freelanly.com/company/veeva-systems/jobs/release-engineering-manager-veeva-ad271800
"Senior Vice President of Data & Infrastructure","Aledade  Inc.","Engineering","Remote  United States",SENIOR,FULL_TIME,,,USD,2025-12-15,https://freelanly.com/company/aledade/jobs/senior-vice-president-of-data-infrastructure
"Sales Development Representative","Saviynt","Marketing","Remote US",MID,FULL_TIME,65000,70000,USD,2025-12-15,https://freelanly.com/company/saviynt/jobs/sales-development-representative-saviynt-24c6bb92
"Data Annotator for AI Models  - Italian in USA","RWS Group","Engineering","Florida",MID,FULL_TIME,,,USD,2025-12-15,https://freelanly.com/company/rws-group/jobs/data-annotator-for-ai-models-italian-in-usa-rws
"Affiliate Manager l (Bilingual - Spanish Speaking)","HighLevel","Marketing","United States",MANAGER,FULL_TIME,,,USD,2025-12-15,https://freelanly.com/company/gohighlevel/jobs/affiliate-manager-l-bilingual-spanish-speaking
"Senior Front-End Engineer","Offchain Labs","Engineering","Remote",SENIOR,FULL_TIME,,,USD,2025-12-15,https://freelanly.com/company/offchain-labs/jobs/senior-front-end-engineer-offchainlabs-aea82748
"Sr. Accounting Policy & Process Manager","HighLevel","Engineering","United States",SENIOR,FULL_TIME,,,USD,2025-12-15,https://freelanly.com/company/gohighlevel/jobs/sr-accounting-policy-process-manager-gohighlevel
"Senior  Principal Technical Solution Owner/ Product Manager (AI & Data Platforms)","Provectus","Product","Serbia",SENIOR,FULL_TIME,,,USD,2025-12-15,https://freelanly.com/company/provectus/jobs/senior-principal-technical-solution-owner-product
"Revenue Strategy & Operations Manager","360Learning","Marketing","Paris  Remote",MANAGER,FULL_TIME,,,USD,2025-12-15,https://freelanly.com/company/360learning/jobs/revenue-strategy-operations-manager
"Group Director  Paid Media Strategy","Wpromote","Engineering","Remote  United States",DIRECTOR,FULL_TIME,,,USD,2025-12-13,https://freelanly.com/company/wpromote/jobs/group-director-paid-media-strategy
"AI Data Engineer","Veeva Systems","Engineering","Canada - Toronto",MID,FULL_TIME,,,USD,2025-12-12,https://freelanly.com/company/veeva-systems/jobs/ai-data-engineer-veeva-8321f5cf
"AI Data Engineer","Veeva Systems","Engineering","Oregon - Bend",MID,FULL_TIME,,,USD,2025-12-12,https://freelanly.com/company/veeva/jobs/ai-data-engineer-veeva-75af75fd
"Systems Architect - Engineering and Product Support Systems","Veeva Systems","Customer Support","Canada - Toronto",MID,FULL_TIME,,,USD,2025-12-12,https://freelanly.com/company/veeva-systems/jobs/systems-architect-engineering-and-product-support
"Systems Architect - Engineering and Product Support Systems","Veeva Systems","Customer Support","Ohio - Columbus",MID,FULL_TIME,,,USD,2025-12-12,https://freelanly.com/company/veeva/jobs/systems-architect-engineering-and-product-1
"Controller","Sword Health","Finance","USA",MID,FULL_TIME,,,USD,2025-12-12,https://freelanly.com/company/sword-health/jobs/controller-swordhealth-394cb40d
"RVP - Government and OHS (Canada)","Sword Health","Engineering","Canada",EXECUTIVE,FULL_TIME,172129,270489,CAD,2025-12-12,https://freelanly.com/company/swordhealth/jobs/rvp-government-and-ohs-canada-swordhealth-e081df22
"Account Executive - Enterprise (Canada)","Sword Health","Sales","Canada",MID,FULL_TIME,130129,204489,CAD,2025-12-12,https://freelanly.com/company/sword-health/jobs/account-executive-enterprise-canada
"Frontend developer - React","Xsolla","Engineering","Baku",MID,FULL_TIME,,,USD,2025-12-12,https://freelanly.com/company/xsolla/jobs/frontend-developer-react-xsolla-3f2d91b3
"RVP  Health Plan Sales","Color","Sales","Remote  USA",EXECUTIVE,FULL_TIME,,,USD,2025-12-11,https://freelanly.com/company/color/jobs/rvp-health-plan-sales-color-5387f5b5
"Enterprise Business Development Manager - GCC","Yuno","Engineering","Doha",MANAGER,FULL_TIME,,,USD,2025-12-11,https://freelanly.com/company/yuno/jobs/enterprise-business-development-manager-gcc
"Customer Success Manager","Agiloft","Sales","United States",MANAGER,FULL_TIME,,,USD,2025-12-11,https://freelanly.com/company/agiloft/jobs/customer-success-manager-agiloft-a4113e4c
"Director  Global Equity Administration","HighLevel","Design","United States",DIRECTOR,FULL_TIME,,,USD,2025-12-11,https://freelanly.com/company/gohighlevel/jobs/director-global-equity-administration-gohighlevel
"Data Architect","Magnet Forensics","Engineering","United States",MID,FULL_TIME,,,USD,2025-12-11,https://freelanly.com/company/magnet-forensics/jobs/data-architect-magnetforensics-fb518d10
"Commercial Counsel","Kobie","Legal","St. Petersburg  Florida",MID,FULL_TIME,,,USD,2025-12-11,https://freelanly.com/company/kobie/jobs/commercial-counsel-kobie-7ef67cc5
"Director  Quality Engineering","Magnet Forensics","Engineering","United States",DIRECTOR,FULL_TIME,,,USD,2025-12-11,https://freelanly.com/company/magnet-forensics/jobs/director-quality-engineering
"Regional Sales Manager","Saviynt","Sales","Bengaluru",MANAGER,FULL_TIME,,,USD,2025-12-11,https://freelanly.com/company/saviynt/jobs/regional-sales-manager-saviynt-6b8da531
"Senior Database Administrator","Xsolla","Engineering","Serbia",SENIOR,FULL_TIME,,,USD,2025-12-11,https://freelanly.com/company/xsolla/jobs/senior-database-administrator-xsolla-f353f7f8
"Senior Product Manager","Model N","Product","Hyderabad India",SENIOR,FULL_TIME,,,USD,2025-12-11,https://freelanly.com/company/modeln/jobs/senior-product-manager-modeln-935dca1b
"Inside Sales Representative - California","Kiva Brands  Inc.","Sales","California",MID,FULL_TIME,30,35,USD,2025-12-11,https://freelanly.com/company/kiva-brands-inc/jobs/inside-sales-representative-california
"Project Jigglypuff Transcription (Hungarian)","CrowdGen","Data & Analytics","Any",MID,CONTRACT,,,USD,2025-12-10,https://freelanly.com/company/crowdgen/jobs/project-jigglypuff-transcription-hungarian
"Senior Web Strategist","Outreach","Marketing","United States",SENIOR,FULL_TIME,125000,145000,USD,2025-12-10,https://freelanly.com/company/outreach/jobs/senior-web-strategist-outreach-95c8ae08
"Sr. Enterprise ABM Manager","Outreach","Marketing","United States",SENIOR,FULL_TIME,95000,135000,USD,2025-12-10,https://freelanly.com/company/outreach/jobs/sr-enterprise-abm-manager-outreach-b8614fbc
"Senior Azure Engineer","AHEAD","Engineering","United States",SENIOR,FULL_TIME,150000,175000,USD,2025-12-10,https://freelanly.com/company/ahead/jobs/senior-azure-engineer-thinkahead-2b766847
"Technical Operations Engineer","Veeva Systems","Engineering","Croatia - Zagreb",MID,FULL_TIME,,,USD,2025-12-10,https://freelanly.com/company/veeva-systems/jobs/technical-operations-engineer-veeva-c4f4f76a
"Senior Graphic Designer","Saviynt","Marketing","Remote UK",SENIOR,FULL_TIME,,,USD,2025-12-10,https://freelanly.com/company/saviynt/jobs/senior-graphic-designer-saviynt-27a8ff5c
"Art Director","Saviynt","Marketing","Remote US",DIRECTOR,FULL_TIME,,,USD,2025-12-10,https://freelanly.com/company/saviynt/jobs/art-director-saviynt-60b520f2
"Staff Software Engineer","Magnet Forensics","Engineering","United States",LEAD,FULL_TIME,,,USD,2025-12-10,https://freelanly.com/company/magnet-forensics/jobs/staff-software-engineer-magnetforensics-bb4abfce
"Senior Security Engineer","Magnet Forensics","Engineering","Canada",SENIOR,FULL_TIME,,,USD,2025-12-10,https://freelanly.com/company/magnet-forensics/jobs/senior-security-engineer-magnetforensics-12fb1559
"People Operations Senior Generalist (Remote)","charitywater","Operations","United States",SENIOR,FULL_TIME,,,USD,2025-12-10,https://freelanly.com/company/charitywater/jobs/people-operations-senior-generalist-remote
"Managed Services Senior Security Engineer","Accolite","DevOps","United States",SENIOR,FULL_TIME,94000,120000,USD,2025-12-10,https://freelanly.com/company/accolite/jobs/managed-services-senior-security-engineer
"Business Development Representative","BlueCat","Sales","Singapore - Remote",MID,FULL_TIME,,,USD,2025-12-10,https://freelanly.com/company/bluecatnetworks/jobs/business-development-representative
"Senior Demand & Production Planner","Kiva Brands  Inc.","Engineering","California",SENIOR,FULL_TIME,120000,130000,USD,2025-12-10,https://freelanly.com/company/kiva-brands-inc/jobs/senior-demand-production-planner-kivaconfections
"Director of Global Technical Operations","Xsolla","Engineering","Canada",DIRECTOR,FULL_TIME,,,USD,2025-12-10,https://freelanly.com/company/xsolla/jobs/director-of-global-technical-operations
"Field CTO","Sonar","Engineering","Remote USA",MID,FULL_TIME,,,USD,2025-12-10,https://freelanly.com/company/sonar/jobs/field-cto-sonarsource-ad44b3e8
"Project Jigglypuff Transcription (Spanish)","CrowdGen","Data & Analytics","Any",MID,CONTRACT,,,USD,2025-12-10,https://freelanly.com/company/crowdgen/jobs/project-jigglypuff-transcription-spanish
"Senior Direct IO Manager","Wpromote","Data & Analytics","Remote  United States",SENIOR,FULL_TIME,,,USD,2025-12-10,https://freelanly.com/company/wpromote/jobs/senior-direct-io-manager-wpromote-21b7617a
"Services Engagement Manager - Safety Systems","Veeva Systems","Engineering","Massachusetts - Boston",MANAGER,FULL_TIME,,,USD,2025-12-09,https://freelanly.com/company/veeva/jobs/services-engagement-manager-safety-systems-veeva
"Associate Product Manager","Model N","Product","Remote  US",MID,FULL_TIME,,,USD,2025-12-09,https://freelanly.com/company/model-n/jobs/associate-product-manager-modeln-11d51164
"Accounting Associate (Remote)","charitywater","Engineering","United States",MID,FULL_TIME,,,USD,2025-12-09,https://freelanly.com/company/charitywater/jobs/accounting-associate-remote-charitywater-02d29916
"AJO Platform Developer (Full-time)","Accolite","DevOps","United States",MID,FULL_TIME,85000,150000,USD,2025-12-09,https://freelanly.com/company/accolite/jobs/ajo-platform-developer-full-time
"Solutions Analyst (Acute and Payer-General Support)","PointClickCare","Customer Support","Remote  USA",MID,FULL_TIME,58000,63000,USD,2025-12-09,https://freelanly.com/company/pointclickcare/jobs/solutions-analyst-acute-and-payer-general-support
"QA Engineer","Offchain Labs","QA & Testing","Remote",MID,FULL_TIME,,,USD,2025-12-09,https://freelanly.com/company/offchain-labs/jobs/qa-engineer-offchainlabs-228c86b9
"Senior Data Engineer","Provectus","Engineering","Serbia",SENIOR,FULL_TIME,,,USD,2025-12-09,https://freelanly.com/company/provectus/jobs/senior-data-engineer-provectus-ef01c364
"(Canada) Sales Development Representative","PointClickCare","Sales","Remote or Mississauga",MID,FULL_TIME,60000,62300,CAD,2025-12-08,https://freelanly.com/company/pointclickcare/jobs/canada-sales-development-representative
"(US) Sales Development Representative","PointClickCare","Sales","Remote  USA",MID,FULL_TIME,74000,76500,USD,2025-12-08,https://freelanly.com/company/pointclickcare/jobs/us-sales-development-representative
"Product Marketing Manager - Product Led Growth","Agiloft","Marketing","Canada",MANAGER,FULL_TIME,,,USD,2025-12-08,https://freelanly.com/company/agiloft/jobs/product-marketing-manager-product-led-growth
"Renewal Manager","Magnet Forensics","Sales","Waterloo / Ontario",MANAGER,FULL_TIME,,,USD,2025-12-08,https://freelanly.com/company/magnetforensics/jobs/renewal-manager-magnetforensics-de57cacf
"Engineering Manager  NetSuite","Versapay","Engineering","Canada (Remote)",MANAGER,FULL_TIME,180000,200000,CAD,2025-12-08,https://freelanly.com/company/versapay/jobs/engineering-manager-netsuite-versapay-eca3a13e
"Product Manager - Matching","Veeva Systems","Product","Germany - Frankfurt",MID,FULL_TIME,,,USD,2025-12-08,https://freelanly.com/company/veeva-systems/jobs/product-manager-matching-veeva-6c195ed2
"Product Manager - Activity","Veeva Systems","Product","Germany - Frankfurt",MID,FULL_TIME,,,USD,2025-12-08,https://freelanly.com/company/veeva-systems/jobs/product-manager-activity-veeva-07cc0a7f
"Python Tech Lead (AI/ML)","Provectus","Engineering","Serbia",LEAD,FULL_TIME,,,USD,2025-12-08,https://freelanly.com/company/provectus/jobs/python-tech-lead-aiml-provectus-d2f90948
"Senior Product Designer (Remote)","PolicyMe","Design","Ontario",SENIOR,FULL_TIME,,,USD,2025-12-05,https://freelanly.com/company/policyme/jobs/senior-product-designer-remote-policyme-97c64b1f
"Senior Director - Engineering and Data Operations - OpenData","Veeva Systems","Engineering","Massachusetts - Boston",SENIOR,FULL_TIME,,,USD,2025-12-05,https://freelanly.com/company/veeva-systems/jobs/senior-director-engineering-and-data-operations
"Senior Manager  Technical Support","Everbridge","Customer Support","United States",SENIOR,FULL_TIME,,,USD,2025-12-05,https://freelanly.com/company/everbridge/jobs/senior-manager-technical-support
"Sr. Revenue Accountant","Included Health","Finance","Remote",SENIOR,FULL_TIME,,,USD,2025-12-05,https://freelanly.com/company/included-health/jobs/sr-revenue-accountant-includedhealth-3753db82
"Manager - Services Revenue Operations","Veeva Systems","Finance","Ohio - Columbus",MANAGER,FULL_TIME,,,USD,2025-12-05,https://freelanly.com/company/veeva/jobs/manager-services-revenue-operations-veeva-4bd25fc8
"Vice President  Revenue Operations and Enablement","Wpromote","Operations","Remote  United States",EXECUTIVE,FULL_TIME,,,USD,2025-12-05,https://freelanly.com/company/wpromote/jobs/vice-president-revenue-operations-and-enablement
"Solutions Engineer","Wpromote","Data & Analytics","Remote  United States",MID,FULL_TIME,,,USD,2025-12-05,https://freelanly.com/company/wpromote/jobs/solutions-engineer-wpromote-f4186817
"Senior Solutions Engineer","Wpromote","Data & Analytics","Remote  United States",SENIOR,FULL_TIME,,,USD,2025-12-05,https://freelanly.com/company/wpromote/jobs/senior-solutions-engineer-wpromote-5391b9ca
"Senior Director - Engineering and Data Operations - OpenData","Veeva Systems","Engineering","Massachusetts - Boston",SENIOR,FULL_TIME,,,USD,2025-12-05,https://freelanly.com/company/veeva/jobs/senior-director-engineering-and-data-operations-1
"Master Class - Business Consultant - Life Sciences R&D (France)","Veeva Systems","Consulting","France - Paris",MID,FULL_TIME,,,USD,2025-12-05,https://freelanly.com/company/veeva/jobs/master-class-business-consultant-life-sciences-rd-1
"Master Class - Business Consultant - Life Sciences Quality (France)","Veeva Systems","Consulting","France - Paris",MID,FULL_TIME,,,USD,2025-12-05,https://freelanly.com/company/veeva/jobs/master-class-business-consultant-life-sciences-15
"Master Class - Business Consultant - Life Sciences Commercial (France)","Veeva Systems","Consulting","France - Paris",MID,FULL_TIME,,,USD,2025-12-05,https://freelanly.com/company/veeva/jobs/master-class-business-consultant-life-sciences-6
"Master Class - Business Consultant - Life Sciences Analytics (France)","Veeva Systems","Consulting","France - Paris",MID,FULL_TIME,,,USD,2025-12-05,https://freelanly.com/company/veeva/jobs/master-class-business-consultant-life-sciences-1
"Engineering Manager - HCO Data","Veeva Systems","Engineering","Spain - Barcelona",MANAGER,FULL_TIME,,,USD,2025-12-05,https://freelanly.com/company/veeva/jobs/engineering-manager-hco-data-veeva-f8fadb84
"Engineering Manager - HCO Data","Veeva Systems","Engineering","Germany - Berlin",MANAGER,FULL_TIME,,,USD,2025-12-05,https://freelanly.com/company/veeva-systems/jobs/engineering-manager-hco-data-veeva-4b309e88
"Manager  Customer Success Management","HighLevel","Customer Support","United States",MANAGER,FULL_TIME,,,USD,2025-12-05,https://freelanly.com/company/highlevel/jobs/manager-customer-success-management
"Strategic Client Success Partner","360Learning","Customer Support","Paris  Remote",MID,CONTRACT,,,USD,2025-12-05,https://freelanly.com/company/360learning/jobs/strategic-client-success-partner-360learning
"Engineering Manager","Veeva Systems","Engineering","Massachusetts - Boston",MANAGER,FULL_TIME,,,USD,2025-12-05,https://freelanly.com/company/veeva-systems/jobs/engineering-manager-veeva-bf3a87e8
"Technical Account Manager","Everbridge","Engineering","Bengaluru",MANAGER,FULL_TIME,,,USD,2025-12-05,https://freelanly.com/company/everbridge/jobs/technical-account-manager-everbridge-647858cf
"Technology Manager","Sword Health","Engineering","United States",MANAGER,FULL_TIME,175000,275000,USD,2025-12-05,https://freelanly.com/company/swordhealth/jobs/technology-manager-swordhealth-352ced21
"Account Executive -Western Australia","Everbridge","Marketing","Perth",MID,FULL_TIME,,,USD,2025-12-05,https://freelanly.com/company/everbridge/jobs/account-executive-western-australia-everbridge
"Python Tech Lead","Veeva Systems","Engineering","Spain - Barcelona",LEAD,FULL_TIME,,,USD,2025-12-04,https://freelanly.com/company/veeva-systems/jobs/python-tech-lead-veeva-d4eed0ce
"Python Tech Lead","Veeva Systems","Engineering","Germany - Berlin",LEAD,FULL_TIME,,,USD,2025-12-04,https://freelanly.com/company/veeva/jobs/python-tech-lead-veeva-6f990df9
"ML Solution Architect LatAm","Provectus","Engineering","Medellín  Antioquia",MID,FULL_TIME,,,USD,2025-12-04,https://freelanly.com/company/provectus/jobs/ml-solution-architect-latam-provectus-2e834ded
"AI Consulting Director  AI Services","AHEAD","Engineering","United States",DIRECTOR,FULL_TIME,280000,325000,USD,2025-12-04,https://freelanly.com/company/ahead/jobs/ai-consulting-director-ai-services
"Talent Development Partner","AHEAD","Engineering","United States",MID,FULL_TIME,105000,115000,USD,2025-12-04,https://freelanly.com/company/thinkahead/jobs/talent-development-partner-thinkahead-3bc6f93b
"AI Applications Architect  AI Services","AHEAD","Engineering","United States",MID,FULL_TIME,250000,325000,USD,2025-12-04,https://freelanly.com/company/ahead/jobs/ai-applications-architect-ai-services
"Senior AI Engineer  AI Services","AHEAD","Engineering","United States",SENIOR,FULL_TIME,230000,300000,USD,2025-12-04,https://freelanly.com/company/ahead/jobs/senior-ai-engineer-ai-services-thinkahead-13889464
"Director  Sales Operations","NRI North America","Sales","Remote",DIRECTOR,FULL_TIME,165000,180000,USD,2025-12-04,https://freelanly.com/company/corebts/jobs/director-sales-operations-corebts-6f4a07ac
"Instructional Designer","AHEAD","Design","United States",MID,FULL_TIME,85000,95000,USD,2025-12-04,https://freelanly.com/company/thinkahead/jobs/instructional-designer-thinkahead-b5a3808d
"AI Engineer  AI Services","AHEAD","Engineering","United States",MID,FULL_TIME,180000,230000,USD,2025-12-04,https://freelanly.com/company/ahead/jobs/ai-engineer-ai-services-thinkahead-c62f3cdd
"AI Consultant  AI Services","AHEAD","Engineering","United States",MID,FULL_TIME,150000,210000,USD,2025-12-04,https://freelanly.com/company/ahead/jobs/ai-consultant-ai-services-thinkahead-a310f827
"AI Senior Consultant  AI Services","AHEAD","Engineering","United States",SENIOR,FULL_TIME,210000,250000,USD,2025-12-04,https://freelanly.com/company/ahead/jobs/ai-senior-consultant-ai-services
"FP&A Financial Analyst","Model N","Finance","Remote  US",MID,FULL_TIME,,,USD,2025-12-04,https://freelanly.com/company/model-n/jobs/fpa-financial-analyst-modeln-b2e22950
"Senior Content Marketing Manager","Magnet Forensics","Marketing","Canada",SENIOR,FULL_TIME,,,USD,2025-12-04,https://freelanly.com/company/magnet-forensics/jobs/senior-content-marketing-manager
"Product Marketing Manager","Magnet Forensics","Marketing","Waterloo / Ottawa / Ontario",MANAGER,FULL_TIME,,,USD,2025-12-04,https://freelanly.com/company/magnet-forensics/jobs/product-marketing-manager-magnetforensics-4bc74319
"Revenue Operations Manager","Versapay","Finance","Canada (Remote)",MANAGER,FULL_TIME,130000,150000,CAD,2025-12-04,https://freelanly.com/company/versapay/jobs/revenue-operations-manager-versapay-2fb3b62e
"(US) Customer Success Manager - Health Plan (Great Lakes)","PointClickCare","Customer Support","Remote  USA",MANAGER,FULL_TIME,95400,106000,USD,2025-12-04,https://freelanly.com/company/pointclickcare/jobs/us-customer-success-manager-health-plan-great
"Principal Applied Researcher AI/NLP","PointClickCare","Research","Remote  USA",LEAD,FULL_TIME,195800,217500,USD,2025-12-04,https://freelanly.com/company/pointclickcare/jobs/principal-applied-researcher-ainlp-pointclickcare
"Senior Director  Assistant Controller","Tala","Finance","Remote-US",SENIOR,FULL_TIME,170000,220000,USD,2025-12-04,https://freelanly.com/company/tala/jobs/senior-director-assistant-controller-tala-ac378348
"Controllership Analyst","Coins.ph","Finance","Vila Velha  Espírito Santo",MID,FULL_TIME,,,USD,2025-12-04,https://freelanly.com/company/coinsph/jobs/controllership-analyst-coins-1bebfff8
"Project Jigglypuff Transcription (Arabic)","CrowdGen","Data & Analytics","Any",MID,CONTRACT,,,USD,2025-12-03,https://freelanly.com/company/crowdgen/jobs/project-jigglypuff-transcription-arabic
"Project Jigglypuff Transcription - Arabic (Algeria  Egypt  Kuwait  Morocco  Tunisia)","CrowdGen","Data & Analytics","Any",MID,CONTRACT,,,USD,2025-12-03,https://freelanly.com/company/crowdgen/jobs/project-jigglypuff-transcription-arabic-algeria
"Data Scientist","Wpromote","Data & Analytics","Remote  United States",MID,FULL_TIME,,,USD,2025-12-03,https://freelanly.com/company/wpromote/jobs/data-scientist-wpromote-17edfc04
"Sr. Director  Client Services","Kobie","Engineering","St. Petersburg  Florida",SENIOR,FULL_TIME,,,USD,2025-12-03,https://freelanly.com/company/kobie/jobs/sr-director-client-services-kobie-697a10b8
"Engineering Leader","Veeva Systems","Engineering","Germany - Berlin",LEAD,FULL_TIME,,,USD,2025-12-03,https://freelanly.com/company/veeva/jobs/engineering-leader-veeva-eeae8498
"Engineering Leader","Veeva Systems","Engineering","United Kingdom - London",LEAD,FULL_TIME,,,USD,2025-12-03,https://freelanly.com/company/veeva-systems/jobs/engineering-leader-veeva-e1635a40
"Sr. Business Architect","NRI North America","Engineering","Remote",SENIOR,FULL_TIME,120000,155000,USD,2025-12-03,https://freelanly.com/company/nri-north-america/jobs/sr-business-architect-corebts-c747393e
"(Canada) Sr. Customer Engagement Marketing Manager","PointClickCare","Marketing","Remote or Mississauga",SENIOR,FULL_TIME,111000,124000,CAD,2025-12-03,https://freelanly.com/company/pointclickcare/jobs/canada-sr-customer-engagement-marketing-manager
"(US) Sr. Customer Engagement Marketing Manager","PointClickCare","Marketing","Remote  USA",SENIOR,FULL_TIME,130000,144000,USD,2025-12-03,https://freelanly.com/company/pointclickcare/jobs/us-sr-customer-engagement-marketing-manager
"Accounting Manager","Wpromote","Finance","Remote  United States",MANAGER,FULL_TIME,,,USD,2025-12-03,https://freelanly.com/company/wpromote/jobs/accounting-manager-wpromote-caa47cb7
"Solution Consultant - Quality - DACH","Veeva Systems","Sales","Germany - Frankfurt",MID,FULL_TIME,,,USD,2025-12-03,https://freelanly.com/company/veeva/jobs/solution-consultant-quality-dach-veeva-f868f1d7
"AI Product Manager","AHEAD","Engineering","United States",MID,FULL_TIME,200000,250000,USD,2025-12-03,https://freelanly.com/company/ahead/jobs/ai-product-manager-thinkahead-a41dc695
"Backend API Engineer","AHEAD","Engineering","United States",MID,FULL_TIME,170000,200000,USD,2025-12-03,https://freelanly.com/company/ahead/jobs/backend-api-engineer-thinkahead-a8b6ebb3
"Senior SEO & AI Content Specialist","Superside","Marketing","Global",SENIOR,CONTRACT,,,USD,2025-12-03,https://freelanly.com/company/superside/jobs/senior-seo-ai-content-specialist-superside
"Senior Business Consultant - MedTech Content","Veeva Systems","Consulting","Massachusetts - Boston",SENIOR,FULL_TIME,,,USD,2025-12-02,https://freelanly.com/company/veeva/jobs/senior-business-consultant-medtech-content-veeva
"Senior Business Consultant - MedTech Regulatory & Quality","Veeva Systems","Consulting","Massachusetts - Boston",SENIOR,FULL_TIME,,,USD,2025-12-02,https://freelanly.com/company/veeva/jobs/senior-business-consultant-medtech-regulatory
"Principal Business Consultant - MedTech Clinical","Veeva Systems","Consulting","Massachusetts - Boston",LEAD,FULL_TIME,,,USD,2025-12-02,https://freelanly.com/company/veeva/jobs/principal-business-consultant-medtech-clinical
"Principal Business Consultant - MedTech Regulatory","Veeva Systems","Consulting","Massachusetts - Boston",LEAD,FULL_TIME,,,USD,2025-12-02,https://freelanly.com/company/veeva/jobs/principal-business-consultant-medtech-regulatory
"Generative AI Tech Lead (LLMs  MLOps  AWS)","Provectus","Engineering","Serbia",LEAD,FULL_TIME,,,USD,2025-12-02,https://freelanly.com/company/provectus/jobs/generative-ai-tech-lead-llms-mlops-aws
"CDP Engineer (RT CDP)","Accolite","DevOps","United States",MID,FULL_TIME,105000,125000,USD,2025-12-02,https://freelanly.com/company/accolite/jobs/cdp-engineer-rt-cdp-bounteous-fc86ff3c
"(Canada) Sr. Event Manager","PointClickCare","Engineering","Remote or Mississauga",SENIOR,FULL_TIME,85000,95000,CAD,2025-12-02,https://freelanly.com/company/pointclickcare/jobs/canada-sr-event-manager-pointclickcare-9b1c7149
"(US) Sr. Event Manager","PointClickCare","Engineering","Remote  USA",SENIOR,FULL_TIME,90000,100000,USD,2025-12-02,https://freelanly.com/company/pointclickcare/jobs/us-sr-event-manager-pointclickcare-deb1af9c
"Senior Engineer  AWS Intelligent Support","AHEAD","Customer Support","United States",SENIOR,FULL_TIME,140000,170000,USD,2025-12-02,https://freelanly.com/company/ahead/jobs/senior-engineer-aws-intelligent-support
"Senior Specialist  Stronger Admin and Operations","ppfa","Operations","Telecommuter",SENIOR,FULL_TIME,77000,82000,USD,2025-12-02,https://freelanly.com/company/ppfa/jobs/senior-specialist-stronger-admin-and-operations
"Account Partner - LIMS","Veeva Systems","Sales","United Kingdom - London",MID,FULL_TIME,,,USD,2025-12-01,https://freelanly.com/company/veeva/jobs/account-partner-lims-veeva-769f29ef
"Associate Global Account Executive  Life Sciences","Model N","Sales","Remote  US",MID,FULL_TIME,,,USD,2025-12-01,https://freelanly.com/company/model-n/jobs/associate-global-account-executive-life-sciences
"Staff Accountant","Included Health","Finance","Remote",LEAD,FULL_TIME,,,USD,2025-12-01,https://freelanly.com/company/included-health/jobs/staff-accountant-includedhealth-0c645010
"Dashboard Engineer - JARVISS (Active Secret Clearance)","Everbridge","Engineering","United States",MID,FULL_TIME,,,USD,2025-12-01,https://freelanly.com/company/everbridge/jobs/dashboard-engineer-jarviss-active-secret-clearance
"Senior Product Manager - Buy-side Integrations","Agiloft","Product","United States",SENIOR,FULL_TIME,,,USD,2025-12-01,https://freelanly.com/company/agiloft/jobs/senior-product-manager-buy-side-integrations
"Database Reliability Engineer  (DBRE)","PointClickCare","Engineering","Remote US- East Coast",MID,FULL_TIME,120000,179000,USD,2025-12-01,https://freelanly.com/company/pointclickcare/jobs/database-reliability-engineer-dbre
"Master Class - Business Consultant - Life Sciences Analytics (United Kingdom)","Veeva Systems","Consulting","United Kingdom - London",MID,FULL_TIME,,,USD,2025-12-01,https://freelanly.com/company/veeva/jobs/master-class-business-consultant-life-sciences-4
"Master Class - Business Consultant - Life Sciences R&D (United Kingdom)","Veeva Systems","Consulting","United Kingdom - London",MID,FULL_TIME,,,USD,2025-12-01,https://freelanly.com/company/veeva/jobs/master-class-business-consultant-life-sciences-rd-4
"Master Class - Business Consultant - Life Sciences Quality (United Kingdom)","Veeva Systems","Consulting","United Kingdom - London",MID,FULL_TIME,,,USD,2025-12-01,https://freelanly.com/company/veeva/jobs/master-class-business-consultant-life-sciences-18
"Master Class - Business Consultant - Life Sciences Content (United Kingdom)","Veeva Systems","Consulting","United Kingdom - London",MID,FULL_TIME,,,USD,2025-12-01,https://freelanly.com/company/veeva/jobs/master-class-business-consultant-life-sciences-12
"Master Class - Business Consultant - Life Sciences Commercial (United Kingdom)","Veeva Systems","Consulting","United Kingdom - London",MID,FULL_TIME,,,USD,2025-12-01,https://freelanly.com/company/veeva/jobs/master-class-business-consultant-life-sciences-9
"Master Class - Business Consultant - Life Sciences Analytics (Germany)","Veeva Systems","Consulting","Germany - Berlin",MID,FULL_TIME,,,USD,2025-12-01,https://freelanly.com/company/veeva/jobs/master-class-business-consultant-life-sciences-2
"Master Class - Business Consultant - Life Sciences R&D (Germany)","Veeva Systems","Consulting","Germany - Berlin",MID,FULL_TIME,,,USD,2025-12-01,https://freelanly.com/company/veeva/jobs/master-class-business-consultant-life-sciences-rd-2
"Master Class - Business Consultant - Life Sciences Quality (Germany)","Veeva Systems","Consulting","Germany - Berlin",MID,FULL_TIME,,,USD,2025-12-01,https://freelanly.com/company/veeva/jobs/master-class-business-consultant-life-sciences-16
"Master Class - Business Consultant - Life Sciences Commercial (Germany)","Veeva Systems","Consulting","Germany - Berlin",MID,FULL_TIME,,,USD,2025-12-01,https://freelanly.com/company/veeva/jobs/master-class-business-consultant-life-sciences-7
"Master Class - Business Consultant - Life Sciences Analytics (Denmark)","Veeva Systems","Consulting","Denmark - Copenhagen",MID,FULL_TIME,,,USD,2025-12-01,https://freelanly.com/company/veeva/jobs/master-class-business-consultant-life-sciences
"Master Class - Business Consultant - Life Sciences R&D (Denmark)","Veeva Systems","Consulting","Denmark - Copenhagen",MID,FULL_TIME,,,USD,2025-12-01,https://freelanly.com/company/veeva/jobs/master-class-business-consultant-life-sciences-rd
"Master Class - Business Consultant - Life Sciences Quality (Denmark)","Veeva Systems","Consulting","Denmark - Copenhagen",MID,FULL_TIME,,,USD,2025-12-01,https://freelanly.com/company/veeva/jobs/master-class-business-consultant-life-sciences-14
"Master Class - Business Consultant - Life Sciences Analytics (Spain)","Veeva Systems","Consulting","Spain - Barcelona",MID,FULL_TIME,,,USD,2025-12-01,https://freelanly.com/company/veeva/jobs/master-class-business-consultant-life-sciences-3
"Senior Front-end Developer","Versapay","Product","United States (Remote)",SENIOR,CONTRACT,65,75,USD,2025-12-01,https://freelanly.com/company/versapay/jobs/senior-front-end-developer-versapay-455f2553
"Master Class - Business Consultant - Life Sciences R&D (Spain)","Veeva Systems","Consulting","Spain - Barcelona",MID,FULL_TIME,,,USD,2025-12-01,https://freelanly.com/company/veeva/jobs/master-class-business-consultant-life-sciences-rd-3
"Master Class - Business Consultant - Life Sciences Quality (Spain)","Veeva Systems","Consulting","Spain - Barcelona",MID,FULL_TIME,,,USD,2025-12-01,https://freelanly.com/company/veeva/jobs/master-class-business-consultant-life-sciences-17
"Master Class - Business Consultant - Life Sciences Content (Spain)","Veeva Systems","Consulting","Spain - Barcelona",MID,FULL_TIME,,,USD,2025-12-01,https://freelanly.com/company/veeva/jobs/master-class-business-consultant-life-sciences-11
"Master Class - Business Consultant - Life Sciences Commercial (Spain)","Veeva Systems","Consulting","Spain - Barcelona",MID,FULL_TIME,,,USD,2025-12-01,https://freelanly.com/company/veeva/jobs/master-class-business-consultant-life-sciences-8
"Master Class - Business Consultant - Life Sciences Analytics (United States)","Veeva Systems","Consulting","Massachusetts - Boston",MID,FULL_TIME,,,USD,2025-12-01,https://freelanly.com/company/veeva/jobs/master-class-business-consultant-life-sciences-5
"Master Class - Business Consultant - Life Sciences R&D (United States)","Veeva Systems","Consulting","Massachusetts - Boston",MID,FULL_TIME,,,USD,2025-12-01,https://freelanly.com/company/veeva/jobs/master-class-business-consultant-life-sciences-rd-5
"Master Class - Business Consultant - Life Sciences Quality (United States)","Veeva Systems","Consulting","Massachusetts - Boston",MID,FULL_TIME,,,USD,2025-12-01,https://freelanly.com/company/veeva/jobs/master-class-business-consultant-life-sciences-19
"Master Class - Business Consultant - Life Sciences Content (United States)","Veeva Systems","Consulting","Massachusetts - Boston",MID,FULL_TIME,,,USD,2025-12-01,https://freelanly.com/company/veeva/jobs/master-class-business-consultant-life-sciences-13
"Master Class - Business Consultant - Life Sciences Commercial (United States)","Veeva Systems","Consulting","Massachusetts - Boston",MID,FULL_TIME,,,USD,2025-12-01,https://freelanly.com/company/veeva/jobs/master-class-business-consultant-life-sciences-10
"Field Representatives (Contract)","Veeva Systems","Sales","Singapore - Singapore",MID,CONTRACT,,,USD,2025-12-01,https://freelanly.com/company/veeva/jobs/field-representatives-contract-veeva-b70c18f8
"Director of Brand (Remote)","PolicyMe","Engineering","Remote in Toronto",DIRECTOR,FULL_TIME,,,USD,2025-12-01,https://freelanly.com/company/policyme/jobs/director-of-brand-remote-policyme-c205050b
"Software Development Engineer in Test","Magnet Forensics","Engineering","United States",MID,FULL_TIME,,,USD,2025-12-01,https://freelanly.com/company/magnet-forensics/jobs/software-development-engineer-in-test
"Freelance Localization Linguist","Crypto.com","Design","Canada",MID,PART_TIME,,,USD,2025-11-28,https://freelanly.com/company/cryptocom/jobs/freelance-localization-linguist-crypto-38895314
"Project Jigglypuff Transcription (Dutch)","CrowdGen","Data & Analytics","Any",MID,CONTRACT,,,USD,2025-11-28,https://freelanly.com/company/crowdgen/jobs/project-jigglypuff-transcription-dutch
"Project Jigglypuff Transcription (Turkish)","CrowdGen","Data & Analytics","Any",MID,CONTRACT,,,USD,2025-11-28,https://freelanly.com/company/crowdgen/jobs/project-jigglypuff-transcription-turkish
"Project Jigglypuff Transcription (Italian)","CrowdGen","Data & Analytics","Any",MID,CONTRACT,,,USD,2025-11-27,https://freelanly.com/company/crowdgen/jobs/project-jigglypuff-transcription-italian
"Project Jigglypuff Transcription (English-United States)","CrowdGen","Data & Analytics","United States",MID,CONTRACT,,,USD,2025-11-27,https://freelanly.com/company/crowdgen/jobs/project-jigglypuff-transcription-english-u-cmjifsy
"Project Jigglypuff Transcription (English)","CrowdGen","Data & Analytics","Any",MID,CONTRACT,,,USD,2025-11-27,https://freelanly.com/company/crowdgen/jobs/project-jigglypuff-transcription-english
"Project Jigglypuff Transcription (Mandarin Chinese)","CrowdGen","Data & Analytics","Any",MID,CONTRACT,,,USD,2025-11-27,https://freelanly.com/company/crowdgen/jobs/project-jigglypuff-transcription-mandarin-chinese
"Project Jigglypuff Transcription (French)","CrowdGen","Data & Analytics","Any",MID,CONTRACT,,,USD,2025-11-27,https://freelanly.com/company/crowdgen/jobs/project-jigglypuff-transcription-french
"Project Jigglypuff Transcription (Swedish)","CrowdGen","Data & Analytics","Any",MID,CONTRACT,,,USD,2025-11-27,https://freelanly.com/company/crowdgen/jobs/project-jigglypuff-transcription-swedish
"Software Engineering Manager- AR Automation","Versapay","Engineering","Canada (Remote)",MANAGER,FULL_TIME,160000,190000,CAD,2025-11-27,https://freelanly.com/company/versapay/jobs/software-engineering-manager-ar-automation
"Project Jigglypuff Transcription (Russian)","CrowdGen","Data & Analytics","Any",MID,CONTRACT,,,USD,2025-11-27,https://freelanly.com/company/crowdgen/jobs/project-jigglypuff-transcription-russian
"Project Jigglypuff Transcription (Romanian-Moldova)","CrowdGen","Data & Analytics","Moldova",MID,CONTRACT,,,USD,2025-11-27,https://freelanly.com/company/crowdgen/jobs/project-jigglypuff-transcription-romanian-moldova
"Principal Engineer","Everbridge","Engineering","Bengaluru",LEAD,FULL_TIME,,,USD,2025-11-27,https://freelanly.com/company/everbridge/jobs/principal-engineer-everbridge-21a84d6f
"Middle Software Engineer (PHP)","Xsolla","Engineering","CIS",MID,FULL_TIME,,,USD,2025-11-27,https://freelanly.com/company/xsolla/jobs/middle-software-engineer-php-xsolla-b60ac0cb
